,Actual,Predicted
7088,12600.0,8064.481811545856
2036,2500.0,9937.140650697691
457,16100.0,13290.644413856135
9156,6600.0,9938.008818417078
321,9200.0,9573.702932411556
7324,10700.0,11178.350209818229
2439,15400.0,8460.33134913129
2574,4600.0,10745.539248845413
7698,28500.0,30685.330487606647
637,11200.0,9878.152361366634
5852,14600.0,13555.325926101872
2526,7800.0,6495.429563722541
1730,28700.0,26056.972839517384
5137,12200.0,6585.454222872129
1569,24600.0,24082.05706256132
5361,12600.0,13232.439021633314
8970,9600.0,11987.723602010323
4123,12800.0,24860.55742578913
346,9600.0,9931.87882637207
7850,2600.0,7431.000170820394
3964,12600.0,10569.986472892673
2794,6700.0,10413.563212464294
7920,7600.0,8740.017409674305
4112,10700.0,7336.432045039238
1954,3600.0,7780.421725120598
3780,12700.0,13061.603273320488
5065,11800.0,10165.083616420578
9458,3700.0,10773.844791748148
8406,12700.0,9459.880824086587
5620,12700.0,11894.311276056946
7313,8400.0,10718.638136564206
1087,15600.0,13550.759551811461
2651,13600.0,11291.322662405859
8995,9900.0,12562.96846806493
3689,4800.0,4434.472475318957
2225,6400.0,7257.413548389317
4894,10500.0,11428.651348809826
6309,6000.0,10523.582580717935
4030,9700.0,11586.653984619532
2684,12400.0,11100.54541655497
1699,6000.0,6170.954824970427
6693,9700.0,12074.180440865057
2926,26000.0,24935.008150287875
7945,5500.0,10078.107690915376
2628,10300.0,8323.174869264054
4860,16100.0,8772.758570890977
9056,12100.0,14084.908815813129
1429,15900.0,10188.284291627155
8861,14100.0,13535.279051101872
6337,4200.0,6775.176037153844
8672,35400.0,26709.70017158309
4965,7700.0,9567.512064779577
3011,3900.0,4758.024155620354
6203,8200.0,6784.453504936315
4818,16300.0,11871.433707402826
3473,10700.0,9774.96145496329
971,4100.0,4827.731512159315
4085,4900.0,4422.802576363614
1413,16800.0,11488.428038611071
7194,15300.0,13903.958849450317
9464,7500.0,10848.197304957524
1247,4500.0,11116.336276056616
7255,5300.0,7902.327674619917
7974,4000.0,5902.115697885528
6634,8200.0,11813.127609105977
5215,6600.0,7125.991437391848
4572,13100.0,11398.30438735884
7840,12100.0,11645.139586615716
563,7500.0,6035.478296531274
3000,15100.0,13295.83517234084
6803,8000.0,6454.80171585042
4246,13900.0,11532.350778838709
7954,22300.0,26065.43430363061
6839,6600.0,5469.011120081193
2516,14500.0,6263.122283665915
1785,7200.0,8195.318771896362
9094,12200.0,13468.705467117354
7979,34200.0,26209.463208774636
6992,12200.0,6884.1854621379325
2373,11400.0,7485.3374177504875
4692,6200.0,8661.220520098614
9496,20600.0,19030.764191599577
5125,7000.0,9938.008818417078
8049,3700.0,6681.7104502681095
5015,11500.0,10841.68385275
4438,22800.0,26852.7042318297
4427,3600.0,8379.31539985044
7552,14000.0,9725.182250958447
6989,11600.0,7494.731816816392
763,11400.0,8683.857311576308
3753,11900.0,6419.192208458627
7462,11200.0,10219.403674059908
4503,5300.0,8348.0460408461
4900,9900.0,10575.503888214542
3,3500.0,4107.408538117668
2886,13500.0,8299.902782689043
1245,7400.0,10737.927126923641
7682,5300.0,6302.66026629637
543,6900.0,8429.310409616273
0,4000.0,8338.214930390113
6901,8700.0,11051.463095460693
4359,32400.0,25093.984100164624
5048,4100.0,10400.970137944381
592,24900.0,24178.175456200566
8098,15000.0,13352.807433554168
4638,8500.0,8672.47616073908
7289,6000.0,9346.053635332379
4028,13100.0,12065.765843958518
2835,14300.0,12482.772710757105
7012,13100.0,8827.00677406878
9295,13100.0,14107.067094579446
1220,3700.0,4680.294196209198
5479,11600.0,11096.698404992609
1512,7400.0,13235.104879591752
360,5100.0,4396.750990803699
5573,7100.0,9345.178865380838
5836,13200.0,12715.300896373472
4303,11200.0,13440.111260786263
6224,8900.0,6839.230640013635
6817,12000.0,22930.4803180125
3887,6400.0,9369.20417412836
3487,13200.0,10301.002505137409
6810,13700.0,10190.292356268363
6878,24100.0,25315.12011910624
2771,3500.0,6493.222059398099
5615,7400.0,10968.666545958386
4084,12700.0,12160.571113724603
5814,6300.0,11152.813780402837
2458,2500.0,5655.682166172362
6170,9300.0,11403.706337399737
2251,26800.0,23742.85676151308
251,6300.0,9229.924953389855
4480,13800.0,12022.976358413407
3098,3800.0,8823.574630562565
9372,8900.0,10056.698467754304
1111,7400.0,10383.637549327537
4032,7100.0,7420.722393042616
1945,4500.0,10397.418239864515
2728,10000.0,12384.462652694358
3281,6800.0,9423.628123089557
8674,8600.0,8410.529529182439
9388,13300.0,9097.243603715526
8265,10900.0,11126.426124184969
1071,11800.0,10083.380350301124
6688,8100.0,7509.5847089064355
9117,20100.0,11910.9881233388
1688,10200.0,6224.609918046115
2944,6900.0,8263.497961416657
2680,2500.0,9214.665215905115
3047,17300.0,26230.338011936197
9463,13400.0,10903.609086230756
6798,8200.0,9667.453998033105
3833,17800.0,10343.640764660458
1758,3300.0,4312.682938398721
3542,4500.0,8646.656163023337
6814,7700.0,10688.829520399566
9238,4500.0,5551.223745524451
6851,11100.0,8940.289235848728
4332,7500.0,12270.730816107254
5649,10700.0,10426.126687993812
5768,28000.0,21306.841888456238
4428,9500.0,8536.590070014428
2615,13800.0,10285.268157318882
2407,7300.0,10498.217723432817
8324,6900.0,10949.31087776836
7318,5000.0,7065.248405230814
131,4300.0,7770.497344109994
8496,10600.0,9769.886854309161
106,10300.0,8287.364169197483
5467,10100.0,8901.99281892927
9488,12400.0,8624.744975779166
29,7300.0,8321.283674035378
5912,10500.0,11206.885932268591
4633,7000.0,9234.055385179552
2260,10400.0,10432.632387699137
7142,30200.0,28377.86806022353
1068,15300.0,11918.176001637143
7461,7900.0,11588.382267426594
4201,11500.0,8870.797163212008
2691,11500.0,10396.73868028841
36,8200.0,4809.7136189414205
2288,13100.0,12676.817490973426
7713,2500.0,4953.323820706689
3934,23800.0,19882.39000598427
1618,13100.0,12665.44562277045
6022,10500.0,10378.664740097242
7791,7400.0,7258.623517265829
3184,10900.0,12672.49775888132
3295,2500.0,4775.688528642844
7288,9600.0,8821.291917228651
9366,17500.0,13495.881733875749
1603,3600.0,10342.635976257809
6857,9700.0,12053.713269147887
4484,9800.0,9821.139128874593
5273,12000.0,13214.927262454801
4483,35300.0,23436.36508672929
4649,6000.0,8340.077517127422
7864,19700.0,26055.10268602584
8129,14100.0,13340.706199072252
6931,26500.0,24556.508421814415
7048,29500.0,25315.76480902262
1142,9200.0,8744.068143534789
3543,11600.0,10192.79052999521
4091,7900.0,10320.19484567387
5572,9000.0,10291.299159921078
9102,2500.0,6971.333155464128
5351,6700.0,6687.968856706948
7917,6400.0,8693.685705967355
765,11700.0,11443.492616686977
367,34900.0,25298.980928016157
8572,9000.0,12472.649001649239
5501,5100.0,7486.29776036937
5795,21000.0,26700.913500302566
2724,9400.0,8229.259701630352
7999,10100.0,11526.251985246496
6985,9400.0,12676.817490973426
9250,10800.0,10928.380491107724
6604,27200.0,23576.796740256894
7447,10900.0,10970.74916504287
8492,7400.0,6967.816706070226
9201,10900.0,9999.16170556203
7854,7500.0,9514.254469789565
7871,11300.0,8137.8977283626955
5210,2500.0,4277.446841500703
1623,3000.0,4654.4775975617995
5816,8500.0,9914.064028695942
2018,17800.0,13848.572228138732
7500,11300.0,13008.780895614924
3328,17800.0,13259.750211837241
1544,13600.0,12308.108040079693
6266,12300.0,10982.138487536175
4382,7900.0,7618.367842560967
8283,2500.0,6410.368111966222
7531,14400.0,13463.351328066665
5040,26900.0,20215.76832471236
6903,6600.0,9002.782902298231
5337,2500.0,4628.457153894966
5060,14200.0,10839.9049462248
9401,30400.0,26065.43430363061
5685,16900.0,24888.86628568141
5119,2500.0,13456.520207796082
871,17600.0,26796.267784525702
1046,13700.0,13642.381538638654
8309,10000.0,9935.6669558025
921,13600.0,13007.453347048364
8291,14900.0,11458.552883456628
4619,17500.0,28722.90419464721
2167,29700.0,24320.239573911942
9324,11500.0,8321.932065848243
5365,6700.0,6529.808202306398
3298,7600.0,8942.057282648548
603,8200.0,6786.319616028786
4291,2500.0,6986.346132564952
747,32500.0,26239.122825451195
447,4000.0,8238.69297767118
2348,7100.0,8079.294424145508
8524,13900.0,12523.88759387617
5936,9000.0,9306.276024264313
2750,7400.0,8514.758183926595
7703,5700.0,7067.857983686745
6678,39700.0,26475.612049397278
2002,2500.0,7715.769906372821
6387,7200.0,8475.902502706267
7896,14300.0,13669.06872179342
2473,11600.0,10176.712577334274
6001,7300.0,9710.501713932768
8047,18900.0,26230.338011936197
5225,14200.0,12996.111143248341
5133,15000.0,10166.199461273558
4734,11800.0,11249.737654966368
7659,11500.0,8306.467109240606
7476,12100.0,11194.008153468625
1010,15900.0,12059.324997287957
7705,7400.0,11289.67478470288
1034,7600.0,6712.672023205063
6070,2500.0,5119.721590634574
8965,10100.0,11123.0344806157
4412,7800.0,11043.534266570252
1479,9600.0,7679.829742403093
4686,6500.0,5797.9957331599235
3889,13200.0,10771.415690581995
789,2500.0,3564.2322703343425
518,6400.0,8176.753855775414
2478,7100.0,9673.027697377449
8934,3400.0,7694.102457518369
3070,16400.0,14048.97076537783
5826,10300.0,8923.793250566609
2826,3800.0,4424.900758052852
5381,6000.0,8968.25029746872
9008,6400.0,10103.627514666074
9359,11400.0,11789.658229788081
4925,5100.0,9388.639931989095
7610,16000.0,12013.125501423685
9246,12300.0,10951.852279595463
265,5700.0,7695.585074017173
8610,4300.0,4676.019249648921
3434,13900.0,13753.333119958932
5221,15500.0,8703.427914818336
7018,12500.0,10900.53362531577
2087,9200.0,6589.319362502532
8240,7500.0,7514.953493620505
1805,27600.0,25763.908789009914
794,10600.0,5323.030779423883
8700,21200.0,24111.153167905453
6310,30400.0,13669.69656486307
7702,10600.0,11076.789677783063
8825,12100.0,12050.03849605244
5502,13400.0,11189.278798461595
3014,9800.0,7976.23343316837
169,12300.0,11459.552688610682
267,13300.0,9757.064252755894
2576,16100.0,13607.716133512118
6840,9900.0,8293.891886373187
6661,10100.0,8285.018389356466
1155,16200.0,11059.009001626267
315,6200.0,11277.594200702277
2846,11900.0,8549.644415533778
1595,7700.0,8417.671020181986
6073,12400.0,8602.815656086988
245,4200.0,3991.689946519614
5905,12500.0,12788.573485256049
5651,5500.0,5817.223538700349
7440,2500.0,6294.997646136741
50,11100.0,12215.082039190862
668,7500.0,4528.296566198253
6794,11100.0,7889.708971119873
7740,11300.0,8438.596074941508
3944,6700.0,6849.442418505084
1144,7200.0,10029.570947774895
6843,6300.0,9310.656805486322
5741,19900.0,11540.87195813735
3153,7400.0,8175.858093761735
6466,12400.0,13646.890965172963
4607,8900.0,8803.504312221481
4793,27600.0,24709.700146302413
6749,36300.0,23833.16490080715
1768,7200.0,8030.111011248719
6215,7800.0,8373.624520822194
3715,7000.0,9707.111509469742
3698,41500.0,22702.619497010466
3677,11900.0,10854.415637714357
586,14800.0,10694.206925193048
5118,9100.0,11193.14329590214
7228,12900.0,13217.85747821945
1090,12200.0,12186.80198563519
8326,4200.0,10498.737588842316
7820,5100.0,6294.997646136741
4029,31100.0,25763.908789009914
1188,14400.0,12173.959008703918
1606,8600.0,12381.052184920243
8938,6700.0,8680.712049108208
1418,7500.0,9229.563250939875
2648,6300.0,5081.699779594586
9322,10400.0,8596.263420297417
7344,5200.0,6823.9465604918705
47,8100.0,7933.49877637719
9381,13200.0,9931.558649965194
318,9200.0,7356.871816943495
9116,4200.0,7949.283398566977
1285,7400.0,6943.1299180558235
9234,16400.0,13259.750211837241
1650,5600.0,7635.914525357839
3723,13800.0,8161.029595853718
4924,7100.0,7702.596088556939
3914,2500.0,4956.579609184448
624,6400.0,6812.668959482681
3761,22300.0,23909.25321429577
7064,11500.0,12844.858775405057
3608,9800.0,9179.854508943654
3208,17100.0,11661.778604044204
1313,10900.0,9440.717141739566
6821,7800.0,9814.481055540027
8296,2500.0,5886.812620081466
3329,6400.0,7485.020268050726
1597,13800.0,9163.444698879535
6037,2500.0,4676.019249648921
487,28500.0,21732.111460772674
2692,7000.0,8181.4365443096685
8963,4000.0,4100.35121710715
6151,3000.0,4704.80828260448
1608,11300.0,11269.31666843604
416,30600.0,28286.728200083668
119,11100.0,11412.078070873678
3131,5600.0,10083.829538102385
4952,6900.0,4601.098176287305
3739,8200.0,9608.139236635894
4830,7500.0,10840.381344315481
952,8400.0,9349.86216785699
623,12900.0,10466.90936237356
3018,25300.0,26230.338011936197
2122,11300.0,14429.794275152122
1147,11000.0,12658.876711823214
743,14800.0,9664.07322570125
1982,4400.0,5742.256949410002
4755,7000.0,9359.89327669989
88,13200.0,10012.798783276266
9108,5300.0,6320.688570095268
7492,10800.0,12574.277246820908
2726,8500.0,9307.153216653147
782,28500.0,22224.156176222823
3567,5900.0,7531.319473482407
7301,5100.0,7775.654046297535
7217,10900.0,10652.014384191869
5376,11300.0,7358.330781327867
2748,7700.0,11132.792180176524
2138,15700.0,12514.499130809514
4415,16300.0,11398.741199336191
5610,34400.0,27155.765776283926
5737,25300.0,23606.98329762379
5272,10500.0,9207.240873828898
3803,7100.0,8065.457242264163
7150,8100.0,10455.967282220743
286,16100.0,9067.342779855053
5939,7000.0,11405.387590329081
2605,11000.0,12074.037060828683
7189,7100.0,9907.345019647533
8809,16900.0,12844.858775405057
1339,19700.0,26188.581360351855
9280,12800.0,12254.102220454592
9466,7700.0,11047.182853900822
7465,22900.0,23689.585852310065
1775,22900.0,25102.276997961402
1737,12200.0,11106.29346059112
1740,11500.0,10767.508896590976
7015,7000.0,4929.452088846687
8957,16700.0,13037.222097048363
1295,31500.0,23979.281427382062
2045,27200.0,25602.041699942783
3185,11700.0,10994.937881572661
932,10900.0,11311.328819443897
8742,10700.0,7506.035177881905
9299,14700.0,12881.763895829747
4789,9200.0,11098.246479203119
9435,26200.0,26146.047135128625
2228,36400.0,24126.005260766888
4338,6700.0,8268.692545702943
2107,7900.0,5756.839699094775
1536,14700.0,8684.057322753653
274,7900.0,8654.689263447965
9515,6600.0,9694.74628184023
7640,11000.0,8318.846460852421
5824,11700.0,9651.88269627517
1482,13100.0,11763.690103713661
3548,5800.0,8155.179310428548
5544,15200.0,11088.359895633104
6442,15500.0,13422.470419340287
9058,14300.0,12441.998750247189
2858,14200.0,12127.166160505321
8300,11200.0,6821.115622754936
9340,19400.0,25335.065746590484
4292,8100.0,7666.1244895221735
8760,3000.0,5619.068099638463
4041,4100.0,6134.783837337754
5488,8400.0,5204.859647556804
3495,10400.0,8728.19152939086
4489,13400.0,13513.402873994424
8563,8700.0,7114.897656564275
8292,12300.0,9294.203676426763
6050,11100.0,9775.042208020137
7458,13500.0,13357.724147364495
5353,11500.0,12138.866240383722
80,11400.0,9374.727411533986
5098,6600.0,8478.9677728288
76,12800.0,12186.80198563519
1550,2500.0,7244.987601069163
5853,2500.0,4394.533862728649
8119,14400.0,13295.83517234084
4712,8600.0,8391.200506403435
483,12700.0,11289.67478470288
6757,11800.0,12260.609135838891
1817,13600.0,12432.836442505353
8034,3500.0,5291.536587958743
9042,8400.0,8516.109042741695
7981,7000.0,9497.083490458856
2412,9200.0,9177.983822716556
6014,5600.0,5038.599624547743
6137,3800.0,8610.099091527185
6538,10000.0,8330.234065328008
1400,10200.0,9269.191941372903
2164,19200.0,23619.304856782484
7529,9300.0,11447.199561068312
5484,6700.0,6477.999913032386
1684,17200.0,10876.214470034325
3307,4800.0,9078.495783558323
1297,16100.0,10721.86643243639
2522,10300.0,8595.260779689595
1078,12500.0,9950.000082042363
6784,13100.0,11981.457232554625
7444,11700.0,12714.938187728392
1038,12800.0,11542.277341773728
2697,10200.0,7474.303735964631
9345,12300.0,11654.29190108814
4239,4100.0,4876.841565804729
3881,7500.0,8246.651144190451
965,10400.0,11412.078070873678
4288,15900.0,10995.847060646078
7248,8300.0,9781.205675484807
3290,21300.0,25088.325578748227
1642,13300.0,13191.280855040664
7662,2500.0,6861.111958683027
4139,11100.0,9624.368524024863
3319,21300.0,23466.219006498126
7044,6500.0,8113.584192498237
2088,18000.0,12435.311763999467
8354,34700.0,23608.996183157833
7846,32300.0,23176.578224424924
6660,9300.0,12147.471716060876
6423,13400.0,10797.514103301139
2930,3100.0,6668.345347501422
2751,2500.0,6557.266458454167
93,9700.0,8926.405562643455
8803,11900.0,13733.302346706958
2664,12600.0,11987.52122826998
8284,24200.0,29489.94413023567
5422,15600.0,10187.315167216088
6214,13300.0,10011.45886318477
1578,6200.0,5279.604964027119
6247,5200.0,4434.856162157848
6773,11600.0,7315.161742033771
4453,14900.0,11412.078070873678
1180,5300.0,9215.82286813946
1513,12200.0,11845.185705887292
2232,4400.0,8100.99888990856
1162,8000.0,8990.63950454173
4871,2500.0,6471.412826961531
7689,5800.0,8154.125874035543
5950,8500.0,6419.192208458627
5991,6600.0,5460.648413390252
3404,11700.0,7991.23343316837
4901,8600.0,6129.403096899341
9411,7600.0,7225.032480851263
7685,11500.0,11116.336276056616
4076,9500.0,9997.953854199259
5694,8400.0,10940.030547832237
1616,12100.0,8856.706848416517
8439,5900.0,8007.762270550212
567,13300.0,12879.223788864945
5983,10600.0,13244.676308163178
5155,13200.0,12079.672920601273
8615,11300.0,9334.16311952279
2191,7200.0,11116.500516796632
5920,12200.0,11813.127609105977
7161,26000.0,26599.149957168767
107,8100.0,9242.639237832991
2055,8100.0,13564.798248744153
970,7300.0,8722.837005727424
2766,19100.0,13336.990636747307
3767,10400.0,13520.810256319064
6436,9200.0,10011.45886318477
9351,2800.0,8056.926270396698
1446,28000.0,24988.36312131238
4194,8500.0,10730.94303347251
6113,9000.0,7665.993124118604
8108,8800.0,9181.57420716223
4157,9100.0,7165.679053952731
582,9100.0,11403.706337399737
8015,4300.0,8299.691628990242
2447,26500.0,24797.667474505288
33,13200.0,9177.983822716556
4807,8500.0,7959.089936800942
733,5100.0,4422.802576363614
2127,8000.0,11188.881328264426
330,10400.0,12516.374346977316
4174,9100.0,7319.702303400129
2213,2500.0,11620.861086172798
4064,7500.0,10544.767762677617
333,4500.0,7835.927240799281
4047,5100.0,8924.765467503403
4317,6500.0,7250.258939906119
3787,16100.0,13903.958849450317
7293,7100.0,6835.037455266835
5067,4500.0,7160.098767479611
4687,16000.0,12393.191782733542
7837,8100.0,11442.384099534242
1277,10000.0,8333.199578680878
500,15200.0,10285.268157318882
2109,11500.0,26224.13141417933
4694,24500.0,26764.15830955385
3149,9500.0,8825.931340756064
95,13000.0,11235.050674085192
6343,11500.0,10234.419962039925
1670,8000.0,8095.242716739462
5013,4900.0,10274.105685765096
248,9600.0,4996.060391006533
3095,10700.0,7517.229934293949
8736,7400.0,7164.889805233693
8888,2500.0,8477.713986143197
2777,7400.0,6722.337922306136
908,12900.0,7967.490823148807
3879,13100.0,12394.621369528724
4404,11500.0,11654.715891708645
2755,7900.0,8984.007873226295
8813,8300.0,8388.832979049323
4355,7900.0,5619.068099638463
683,4100.0,3991.689946519614
1406,10300.0,10770.349389720433
5378,14700.0,12209.970928079749
7618,43200.0,26988.733280556466
3383,12700.0,24944.645709763714
1156,12400.0,9502.3434127116
2614,10600.0,10848.197304957524
6152,14900.0,11228.018517816106
6315,5800.0,5641.5121673230715
1671,10400.0,11291.982003065199
4347,7100.0,5686.921858042481
764,8600.0,10053.517188248661
6205,7700.0,10179.585784664687
8339,12100.0,13659.311736940628
144,6200.0,7573.010764009168
3989,3800.0,5173.267312003905
19,11300.0,12158.781130061569
4824,8500.0,8796.530938443255
6217,12800.0,9489.96522538658
3165,10100.0,10344.473106279722
1732,32500.0,28286.728200083668
8087,15400.0,10045.98532022491
1496,18500.0,12798.569313001375
8706,12500.0,11123.0344806157
7100,3500.0,8468.90973315307
2388,4700.0,8460.124245289137
8614,8000.0,10065.602604100595
7452,3300.0,5462.901796179681
4264,19800.0,12343.905516302664
4797,7600.0,10595.924590823166
3799,7000.0,8671.087183573984
5487,10200.0,8796.530938443255
2825,5100.0,9109.392319604047
1937,9300.0,8227.220541177652
381,11100.0,8859.846810212512
6659,9500.0,6743.390704285046
7263,5300.0,6231.721335920024
4466,31500.0,26056.972839517384
108,11400.0,10340.968537958972
7547,9600.0,7925.90679442333
7876,10100.0,9558.750213757465
5680,16400.0,12987.649303135937
5082,16300.0,25516.71111961651
1183,23300.0,26313.013302367228
8603,7000.0,8926.467344579123
4682,3700.0,7633.203084022787
1250,9900.0,9821.139128874593
388,10900.0,10061.226274844867
5545,4700.0,7928.371112605756
7328,15300.0,14018.38150480804
1199,8400.0,6072.926072454175
620,15300.0,12867.422757872147
1770,9800.0,12311.182961480308
6378,9500.0,7757.277199969027
2954,19900.0,27890.602780330923
6925,4200.0,6966.0822198496235
4534,9600.0,6540.266543733235
6242,8200.0,9688.77595219479
2701,7600.0,10703.47288970669
6691,5500.0,6690.7465702136815
7134,4700.0,5270.572063856622
222,6100.0,8554.119551647016
4180,15100.0,12880.161340447332
3550,12700.0,11524.841609284362
3044,11900.0,11854.216166296017
9432,11700.0,8947.801008841892
6405,14800.0,12435.311763999467
6372,2500.0,7591.643109846044
7177,10100.0,8112.242006416228
5046,7800.0,8612.24971160527
8960,6400.0,6592.040534488072
6823,8400.0,9618.706902904098
5458,9600.0,9234.038842278742
3578,9800.0,11519.641378781418
4661,10100.0,9246.430632108317
1018,13300.0,12915.145722133762
9487,16900.0,26654.77575081956
2513,4500.0,7268.4936371687145
4099,13700.0,10674.031503167904
4381,11800.0,11244.285241829437
7722,11600.0,9699.16072570125
3114,31900.0,24307.417158919423
2465,10000.0,10245.140199128973
7856,10800.0,10181.07321217716
8532,9500.0,8689.600536184542
8463,7200.0,10122.262080570448
7786,36000.0,25135.545124914042
1741,8200.0,10733.340098056387
958,10100.0,8238.290772611352
3133,12600.0,9443.885723234887
7563,29900.0,27186.77049663066
92,12300.0,9867.291045740863
2882,8400.0,8997.084996832575
3852,10000.0,7061.47211591517
7237,12300.0,11581.127606071683
3355,10800.0,12480.848363723158
8546,31600.0,25263.06321759191
8656,8000.0,6297.298921758555
4486,6500.0,7494.731816816392
8271,5500.0,7915.611545925997
6975,7500.0,11279.310416622076
2729,18300.0,25080.502735073
3733,6000.0,10044.213766486677
4961,4300.0,10706.21856149137
8899,11300.0,10120.88110670357
4386,10000.0,9233.536728636751
3933,11000.0,7643.658784609366
7505,11200.0,6495.429563722541
8566,2500.0,6815.7760689853785
7605,10700.0,8216.516344114638
7807,12100.0,9017.710181190207
1112,11600.0,8984.007873226295
10,6900.0,9681.35663543039
5747,8400.0,8312.367562149215
8244,7300.0,9410.849186019806
1765,6400.0,4405.712727814414
8278,10700.0,11173.729598827458
3844,6900.0,6927.144985947455
5904,4200.0,8452.232243610466
7162,11200.0,11436.895930867024
3903,26000.0,14464.386030617272
2483,12100.0,8947.818200324253
3869,10200.0,12514.137574033337
8426,14600.0,11096.698404992609
6226,14600.0,8915.59485240687
8832,15700.0,12516.527234527472
6009,4000.0,6526.62615696626
7603,14200.0,12645.194545124621
4055,2500.0,4051.0068012919796
7165,2500.0,6222.567997113237
1393,13700.0,11409.66812103088
2515,14600.0,12010.116610515073
6013,7600.0,8892.929599856829
5229,6300.0,7052.531702513196
3785,21600.0,15265.394029912812
5927,3000.0,4465.975137626824
5580,4700.0,5843.120266975262
4394,12400.0,9016.676649858586
3813,15000.0,8030.704220154044
3916,13700.0,11537.649671836267
1665,8800.0,6892.575105940823
2534,8500.0,11108.621143364195
1103,11100.0,10518.588995894475
8274,11000.0,23326.120529894888
5489,3000.0,4680.294196209198
2337,11900.0,12259.379154789638
135,6900.0,6754.4001630132525
4553,7600.0,9136.99666885192
2737,3400.0,6731.846718908773
1527,2600.0,8835.742289544467
2012,3900.0,6783.2456579252275
2358,13400.0,9517.70703849339
6629,9000.0,10730.84464279361
7797,10700.0,9078.72312799303
8707,11900.0,11065.36020267528
6141,26500.0,24111.153167905453
1217,4000.0,5177.74071851403
7389,7700.0,9041.080931786459
2868,4400.0,5268.259587864769
8431,12400.0,10105.347483168256
6952,10800.0,11028.843685397569
761,12500.0,8712.198240219072
9341,11700.0,6835.037455266835
2008,8000.0,11443.76074433368
1084,9500.0,8823.574630562565
1965,4600.0,9867.291045740863
4539,13000.0,10807.632103635631
4629,2500.0,3576.432164958853
4210,12900.0,11663.181657180421
4587,16000.0,13530.38372944304
3106,16400.0,15382.342369724562
1056,29700.0,26929.054938090485
5356,8300.0,7300.542487810416
5003,10600.0,8980.05950454173
3885,7700.0,9288.253676426764
708,3700.0,6817.723714607721
8950,3300.0,6956.987620036404
509,10200.0,7035.473349150569
8588,6600.0,8175.858093761735
6775,3800.0,5573.92501684936
5700,9400.0,8057.574427466562
3522,11200.0,13363.211555547652
4022,10300.0,8958.362555162963
6429,13700.0,11447.017957075099
8768,11500.0,8030.704220154044
103,20400.0,8132.011025200274
8911,16000.0,13952.416454282495
7095,12100.0,9388.639931989095
9287,16900.0,13403.294579617379
3123,5900.0,9741.857166438384
7193,10400.0,9391.12386203111
4169,15900.0,10502.194440345469
711,8100.0,6681.229196273264
5822,11600.0,10757.439184072655
6927,10400.0,8330.694205167318
1149,8400.0,10594.223159867946
2072,8000.0,6180.890620424083
3438,29500.0,27609.897880493914
2377,12300.0,9743.80664483591
9169,9700.0,10594.835619887346
856,27800.0,26835.847748548003
712,10100.0,11481.677615121516
1780,13400.0,15380.704932500226
8100,8400.0,8219.512122124313
4128,4100.0,7421.497584153197
2299,2500.0,7678.661693600243
7676,11500.0,9505.662198049185
8478,6000.0,6363.11190506853
3776,13300.0,11883.673619181931
1631,25100.0,25601.373545189494
5328,8300.0,6988.095504146169
4323,17700.0,13503.835508844317
7282,12800.0,9482.820647663353
3026,11300.0,11789.658229788081
8396,8900.0,10461.320883418022
7224,11300.0,10925.80447169806
7959,8000.0,8229.809297677733
2287,3300.0,4979.0235040290645
8376,7300.0,10483.671912923859
5584,10600.0,8227.065734523452
5407,7000.0,8702.851988283433
960,7400.0,5536.899748124913
4864,6900.0,7902.232803328882
212,2500.0,4637.611492756026
2316,21500.0,12915.145722133762
8448,8900.0,6118.7412600857615
4951,10000.0,10749.200540486016
8052,19000.0,13530.38372944304
3002,22800.0,26329.147833767733
3942,24500.0,25353.00225868182
1383,3000.0,9999.16170556203
8198,12700.0,13169.905991152793
9297,15100.0,10529.567754567524
9114,4900.0,9128.641629665875
2057,9400.0,11218.012951599187
5296,6500.0,8299.867277744568
7024,13400.0,9683.764784142806
7695,10400.0,6766.596163935376
2004,6800.0,9670.48135704033
6648,29900.0,27667.128856983756
7432,26800.0,24729.50246112719
1745,6500.0,8959.853211108742
8897,8800.0,9943.2068891897
4067,7700.0,12105.66917374642
2885,13500.0,10337.044663173123
4913,2500.0,5817.223538700349
5006,22100.0,24914.028771625544
8246,2500.0,4075.351840993067
5473,12400.0,13768.444080626594
8186,9600.0,10740.209080178396
2436,6900.0,6114.717308216093
3574,5900.0,6283.034101883339
6858,5100.0,6806.912184908366
3023,10700.0,13481.699751882006
700,16700.0,8824.138339318906
774,5500.0,6521.265413269076
1145,30900.0,24584.89174285496
4423,5200.0,10541.788877595576
8131,8300.0,11296.316646039462
239,14100.0,13340.991097698576
1558,13800.0,8467.870531463248
4339,15800.0,11281.375739288058
3946,34800.0,25709.756644535024
5456,5900.0,5904.594920424153
5313,13700.0,9576.060027725878
8770,11000.0,10462.302872977923
4656,11200.0,10345.017756992002
4575,11600.0,10298.49744428948
1372,4900.0,6168.061873067774
408,11700.0,9366.090853379821
5044,13100.0,11241.884078987574
6756,2500.0,6536.809726748139
4058,13300.0,11839.692459247808
4836,6500.0,9039.640879777777
6391,11600.0,10567.328895798682
3524,4500.0,4871.758571824542
6861,21700.0,23238.86135754357
1488,7500.0,9917.058415375695
4731,9400.0,8321.908849970909
5763,28100.0,23228.258993655694
2273,17900.0,12833.439491588126
6480,8300.0,6900.180906507219
9241,8300.0,8512.284387012163
7238,3400.0,4480.882538786237
5955,3000.0,8742.158090146391
1840,3500.0,7315.161742033771
292,7000.0,10706.21856149137
3412,5000.0,10912.263794644006
4977,5800.0,6365.169731269545
2420,27800.0,24063.28859695845
6005,6700.0,6777.801429151473
4844,9700.0,9328.041084012646
7800,9100.0,7725.694690480507
5403,8200.0,5797.9957331599235
353,8500.0,9489.96522538658
304,12500.0,10820.358105474003
6692,10100.0,8861.67330107166
2910,2500.0,3370.0640777216117
474,17200.0,14466.65586234125
1726,9300.0,8223.809070652518
3080,29500.0,24527.407605040582
3145,16800.0,11986.977033441555
3819,13300.0,10856.03545301785
1793,3100.0,5541.510568667672
2864,6300.0,10625.68302445225
5228,9600.0,9157.07214516869
7441,2500.0,5050.307862934051
6720,20500.0,24397.67121500079
9447,9900.0,11755.991722386505
5766,26400.0,26792.37847208486
1224,27800.0,25892.1914919
795,8200.0,8347.2745737949
5657,6600.0,6659.346023443229
7859,11100.0,11222.161495385926
4371,11000.0,11377.732325658628
9416,9400.0,8911.080136478318
745,12400.0,10285.910981039266
8160,2500.0,4396.738368840055
4779,31100.0,27261.351602087263
3941,16100.0,13355.667744083266
1919,7800.0,9238.690047654305
379,10800.0,9843.268584807747
2862,10800.0,12616.123724171735
8332,7300.0,11979.924362548367
9214,8600.0,7547.94391526869
8522,12100.0,12040.27350030343
5809,9900.0,9749.502331259077
3279,9100.0,9396.38915250132
3894,14800.0,11533.373355316106
23,3400.0,9236.207745034962
9123,17100.0,10743.736596457884
3616,11700.0,9766.21280974135
7094,22600.0,24653.54567402201
5196,28900.0,24583.043293069633
2304,11300.0,11443.76074433368
5397,8100.0,12192.191512650832
5071,5700.0,9102.173049237112
7381,8200.0,11020.796458223762
1739,11700.0,12705.321467330123
1020,24300.0,25862.523333045272
9361,7400.0,10030.597284532407
3334,10000.0,10790.523720655045
1747,2500.0,6888.606162810977
8250,6800.0,9266.570530976516
3624,5400.0,8236.651848680565
1562,10300.0,8241.438273058924
1355,8900.0,11833.573298384097
4825,15300.0,11777.934918147972
2818,13300.0,10312.753287418664
7993,7500.0,5930.859286168479
653,9300.0,9180.319481332504
4416,6900.0,11482.11938706214
6682,7500.0,8216.366090378282
6961,28600.0,25083.226982594584
1318,10400.0,5808.44474035306
6816,4300.0,6588.366036481266
3282,15600.0,9990.375233177983
6897,6100.0,7225.032480851263
6786,7700.0,8667.496625523543
7037,29500.0,26929.054938090485
8057,14200.0,13495.881733875749
2957,12200.0,11447.352922123142
3956,4600.0,6015.043224521367
611,7100.0,10773.844791748148
9222,7100.0,7485.224652314425
7997,12300.0,9203.585031771263
7944,11300.0,6897.673802969897
1402,7500.0,9319.218197408847
8895,14800.0,13599.778390691306
1076,6400.0,5628.122610445321
7262,5700.0,5668.288874948239
554,5200.0,11406.614602531465
2157,3600.0,5888.064857887692
511,2500.0,7522.549370368059
1328,20800.0,23535.492924528513
8744,17500.0,12199.93647934682
6478,18200.0,13880.719756477023
4794,9100.0,8486.316243579186
3519,11700.0,11005.668637578598
3861,17800.0,9588.640523362219
8394,9800.0,8708.272612038138
5076,2500.0,3597.737713863568
2114,21000.0,22102.715603518063
9086,12400.0,11928.739289417204
7362,13500.0,11433.357938880874
3169,3600.0,5832.923686437318
967,7200.0,9820.503046584388
2239,11300.0,13840.400491623155
6444,7300.0,9039.812920180218
1426,5700.0,5346.974823168121
8646,7700.0,10256.751839611248
5100,37100.0,25648.0916424451
4185,2500.0,4399.385872917498
7152,11800.0,15642.615150438316
4861,9700.0,13527.813574414653
9092,10300.0,8778.50864266641
1934,6100.0,6152.316490672392
1568,24700.0,24577.877700696885
6795,4500.0,4662.592110361423
3060,22900.0,21170.85979008906
14,8500.0,12900.293489880836
1981,6400.0,7102.307639581421
6717,7700.0,8011.154220154044
8490,18000.0,11304.581004610136
2762,4600.0,11507.729217290813
8012,11900.0,5683.651725253309
3465,6900.0,8776.653925434633
2133,7500.0,6927.144985947455
8539,10200.0,11279.310416622076
7580,13000.0,7183.860728233941
934,8100.0,6960.220484175746
1962,5500.0,8337.470615038994
9481,9400.0,9683.846080024243
2471,10400.0,10769.277185261672
4216,8700.0,6100.598387159924
1790,9200.0,9215.410462763728
1915,12500.0,14422.872149672543
7463,13200.0,10808.092583356942
1432,12700.0,12123.224493838654
6962,21400.0,13853.85142797858
8019,30200.0,18541.292037771145
5866,12500.0,7584.774143947496
3703,9600.0,19894.359400416408
8551,12500.0,12432.836442505353
5325,4900.0,5544.515653229065
3146,10400.0,9972.017978058104
3006,13800.0,11399.700795295788
8387,11500.0,10479.505411848391
7510,12500.0,9353.182595900602
647,2800.0,7213.74702748095
6593,9900.0,8870.797163212008
3708,16600.0,26439.489741650323
3886,4700.0,6063.851562197407
2498,11000.0,11729.363646748781
58,14600.0,13530.38372944304
9460,9000.0,9497.888511506786
2110,15700.0,23179.92095073642
4042,4900.0,10059.817171511851
3846,11900.0,10828.660937319408
6394,13600.0,11962.406192492144
7159,29900.0,22822.33874509464
7544,7000.0,8751.23336911359
1472,11300.0,13555.325926101872
676,9400.0,6923.1451136929645
2907,11500.0,11020.796458223762
2963,7400.0,6626.386199332477
4936,11800.0,8154.525874035544
7678,4500.0,8157.283477095214
2715,7100.0,5747.959902336714
2067,2500.0,3878.6738086919704
2945,40800.0,26525.50075006408
3870,9500.0,9649.171661141909
1123,18000.0,13398.035162481578
866,12700.0,10744.454931515837
2663,27800.0,27012.750416806804
7672,12600.0,9199.729753167245
4104,15300.0,9992.061344289094
2453,12600.0,11289.67478470288
2189,13300.0,9950.000082042363
1468,17800.0,12030.67535816314
7276,10600.0,9318.65440096807
5259,10700.0,6742.408411015482
3892,27100.0,19424.390064689374
7405,4500.0,6784.453504936315
4007,2500.0,10228.822540292793
4867,7300.0,6748.81008745862
6071,12000.0,13021.073924889623
1263,14200.0,12790.885481158366
8220,9200.0,6713.648821638464
3745,9000.0,10769.815985198573
4215,18200.0,27562.221449795743
3312,9500.0,7592.1493735360655
4024,12500.0,8921.30192075019
5247,13400.0,11309.770863852347
9040,13100.0,9446.54732584659
766,2500.0,8980.81909728762
4808,7000.0,8233.999736038406
2927,8100.0,9655.894913494667
5106,22200.0,25145.320743043463
7799,9700.0,9998.774167925945
462,13100.0,9759.807847524988
2392,8700.0,9830.852931040301
7887,9900.0,6600.313441862914
3912,6300.0,8921.30192075019
7145,21200.0,14061.430007403074
8698,18900.0,12917.888218246482
4277,8300.0,9270.231569085201
7430,27900.0,21405.847469201395
6373,10100.0,10129.203670847543
828,9500.0,8689.600536184542
5829,15000.0,10708.18037049485
8500,5300.0,8767.19963895486
3210,7200.0,9746.597440880658
9096,5800.0,6187.050291480218
4385,6700.0,11234.321603178925
6312,13200.0,9555.933495204976
8263,8500.0,7255.16149764388
1346,7400.0,9034.005124121608
2075,9100.0,11100.54541655497
4812,14500.0,9329.529317452405
3037,8900.0,9515.31998472107
8025,16500.0,11903.056945431403
221,5800.0,8737.751616026804
5050,8500.0,7969.239283446779
858,10900.0,10701.387942617166
7178,12700.0,13663.033129421307
2456,9800.0,10743.736596457884
1175,7100.0,8947.801008841892
1791,14000.0,12996.111143248341
7978,16400.0,26792.37847208486
9021,5600.0,4465.975137626824
994,9200.0,6444.304069045949
4623,4200.0,8073.9473146262835
730,9300.0,10033.241107261949
4113,8500.0,7353.153031216083
5331,8500.0,6077.1014793558525
6520,15500.0,13432.929768279771
4267,12400.0,11860.042882826703
6349,13800.0,11289.67478470288
465,8700.0,5551.223745524451
5918,9000.0,7917.260917008775
157,7700.0,8646.306252640645
7888,16400.0,9787.759031769298
3855,10900.0,9117.971801840473
2820,2500.0,4396.750990803699
185,2500.0,3946.345217155465
1002,6700.0,12681.053082598415
2375,19900.0,26473.807548835975
400,2500.0,3946.374437934686
4062,34000.0,25647.692350528003
2554,12000.0,11813.127609105977
6599,10400.0,9896.32289330949
2913,3200.0,5419.09595817448
2531,9800.0,6480.960517096769
2754,3700.0,8841.64706114582
1557,15200.0,11086.791404789165
7976,9400.0,7783.002521833055
9317,8800.0,7999.600977100801
1731,2500.0,3478.056401493839
8112,6700.0,6728.0453395439845
2833,7500.0,6556.5591091770875
5819,12300.0,9610.351174089154
3620,2500.0,4950.867092346033
4075,12700.0,8731.293225277244
4081,14300.0,10377.422014660458
6581,9400.0,12016.787170154543
1009,4800.0,8286.626427978572
2215,5400.0,14422.872149672543
5011,8700.0,8934.50509169849
5452,11300.0,10221.495685996158
6273,9100.0,7647.7085726063315
6855,7200.0,6772.38150900533
5257,2500.0,5217.081612378768
7398,10300.0,6633.475522276695
8611,11900.0,9336.620690223215
879,7400.0,11027.874453095596
5884,9500.0,9544.391671651896
2603,3400.0,7496.93185241444
2319,10400.0,7487.342598943593
3538,16300.0,13502.884551811463
1330,9700.0,10479.505411848391
6859,12900.0,8986.00106066779
8693,14400.0,10938.811227571054
883,16800.0,12244.480816107254
5911,6000.0,10872.761259469462
9423,13000.0,10489.042845849546
211,14700.0,12147.471716060876
4856,12000.0,10529.6250539668
1718,24000.0,22371.187458343353
5169,9900.0,12179.543652301856
6255,8200.0,8727.576466159277
3352,11000.0,13021.073924889623
4919,13000.0,10630.90876717775
4668,6300.0,6154.432147579713
5400,20200.0,23470.836948201148
8188,12800.0,7071.491902868554
3094,12800.0,10769.815985198573
8703,9100.0,10565.21937198916
2115,7300.0,14443.914560386827
4450,7200.0,9078.72312799303
1373,9400.0,12199.586459464535
6094,7800.0,6207.245436433918
914,6300.0,7057.544830583896
12,9900.0,11987.728574817878
3280,10400.0,10477.470630821661
6447,6100.0,6638.251081737698
736,31500.0,22224.156176222823
453,6700.0,12356.899822214145
5206,12300.0,12016.787170154543
927,16000.0,14033.460028788599
6145,6800.0,4827.731512159315
37,13600.0,9630.872819991955
3706,11600.0,10998.230082896782
9520,9300.0,8210.136208047328
6760,10800.0,8429.310409616273
940,17900.0,12876.125866647148
7456,15200.0,12915.145722133762
5309,12100.0,9488.686026374313
6547,30200.0,25726.449294665017
6157,8600.0,13594.838347780742
4319,5600.0,8683.857311576308
738,2500.0,6588.366036481266
538,4000.0,4837.838061601479
2742,3700.0,6676.041503230526
1530,12900.0,9357.300836990178
5130,9200.0,9331.37297358345
6180,2500.0,4674.17607063879
4705,14500.0,8489.134755834291
4156,11300.0,11303.589242890164
2874,12100.0,12844.858775405057
4296,2800.0,8870.797163212008
7757,8000.0,8794.503487970454
8020,2900.0,7041.792401486184
5634,7500.0,9405.282706358894
8857,10700.0,12022.976358413407
6201,22700.0,24837.51282524925
7670,8700.0,10494.650474353604
2492,22700.0,18717.587550185435
5614,8900.0,6554.322878587168
2867,4000.0,5954.274701927065
3254,6200.0,7944.871112605756
2291,6500.0,10661.233216376728
8961,8800.0,8746.788916276852
6963,20500.0,25280.71598641148
8134,7600.0,11244.874495057087
3353,6000.0,9210.603463092966
4122,5000.0,4931.419396427835
8276,17200.0,12510.927736956268
5617,32800.0,28440.778766541705
5368,22700.0,21233.989357903738
8845,7500.0,8719.326919369118
6782,10100.0,9299.972872797263
5662,13000.0,8501.910935503653
1261,8800.0,6835.037455266835
3166,18000.0,12589.753353801365
8128,5400.0,7152.805221018138
5070,5200.0,8524.49197400174
5775,9000.0,10770.349389720433
3057,17000.0,11877.33543692442
1662,2500.0,10056.583920922802
4701,11500.0,10245.649587030071
4222,2500.0,6410.368111966222
3050,9100.0,7553.35340347096
6159,8000.0,8456.91479730341
4582,26000.0,25347.311938038016
8514,34600.0,29489.94413023567
7267,8100.0,7251.421312304504
2609,13500.0,12676.817490973426
8260,11700.0,8283.443488539615
4273,14200.0,11002.988435941674
8726,11900.0,11194.437126117235
4639,4100.0,7550.206429966871
5190,11300.0,14079.915081734107
1516,10400.0,12745.717371414074
7550,11700.0,21206.572160387044
6531,7300.0,9485.113205020489
3710,15300.0,11472.086300903518
4518,5900.0,6264.764312803408
1835,11500.0,12147.471716060876
8604,2500.0,7832.926856963287
2301,5300.0,6240.943098212229
4429,7300.0,8240.787339342996
5181,6000.0,10185.431196213027
6462,9900.0,9961.676820479572
7990,11100.0,11567.97413789227
9357,5500.0,5419.09595817448
7936,5700.0,7183.860728233941
5703,2500.0,5619.068099638463
1310,2500.0,3829.5173454148025
2960,7900.0,11478.827393260552
2569,6200.0,8077.739516172174
9036,9300.0,10828.660937319408
1153,9900.0,5819.6158633477135
8843,7400.0,11037.296458223766
4898,25200.0,27148.146379945272
2840,32600.0,27915.30764486255
8537,14800.0,13555.325926101872
8745,6500.0,8839.227299416398
6854,9000.0,10788.344791748148
605,15600.0,21410.55287665091
5028,17100.0,12019.303156115062
6250,15900.0,26749.31542341361
7439,15500.0,8837.862087892778
7701,12100.0,12462.65479437073
4071,11200.0,8082.840007140785
3994,9000.0,8343.793501753686
3082,11400.0,12775.402639751877
8076,10100.0,11412.078070873678
496,9800.0,10642.401602611957
2883,35200.0,23054.43207057877
758,5300.0,9588.283547090798
7581,4300.0,5095.155967976843
4862,12600.0,7221.29414868821
1022,6900.0,5066.687898222055
8336,4600.0,8594.878839142842
3582,5900.0,7408.222179381381
8023,8100.0,8787.970209713752
1057,4800.0,6249.645212994449
1315,12700.0,12676.817490973426
4610,13500.0,7811.928316263518
2464,10400.0,10578.833258190753
7007,6500.0,9292.30763670351
1543,18000.0,11520.35844704814
5143,13000.0,10660.341738469344
8165,8000.0,9680.215310006588
2932,8800.0,8458.172002743873
2275,15400.0,13180.930524967247
8372,5600.0,6451.632059546773
724,9000.0,8798.706573151434
3105,5600.0,7018.199730157971
6774,6300.0,7561.837010104022
4938,5200.0,10167.368497197036
1127,2500.0,5969.102711377287
6177,5700.0,9744.042352639548
4635,10200.0,13641.587646477725
5570,19500.0,13259.087608252763
3720,9200.0,11098.550711560189
2484,3400.0,4668.169790445554
2455,7800.0,7613.328743973592
149,9700.0,11887.094810272127
7135,10300.0,8904.997624646845
9266,11800.0,11275.328937066444
4634,8900.0,8015.63924167332
6365,30100.0,25204.221541244024
1672,2500.0,4261.1385900787145
2165,6600.0,8154.1484638678885
8430,7100.0,6898.04301731308
1617,5500.0,7791.940541293456
7300,7100.0,8186.823283404324
9511,9400.0,12035.645332821354
5216,14400.0,12435.311763999467
5970,15000.0,12917.888218246482
5035,8000.0,9097.243603715526
4988,10300.0,12444.73533830787
4333,15400.0,10818.217062080332
7379,14100.0,9581.452664376782
550,11000.0,6894.59039467814
8626,8400.0,8968.25029746872
2124,13100.0,8306.274606849573
1626,8100.0,24380.59019306573
17,8800.0,9234.038842278742
8896,10200.0,12315.13985346371
8837,28900.0,26753.93445119237
4265,5200.0,6125.266293478106
8016,4900.0,5775.501613748666
3299,7000.0,9440.717141739566
3668,3200.0,4956.579609184448
4368,22100.0,22467.107225247208
3838,13800.0,13259.750211837241
3079,17700.0,24494.4055242013
7541,10900.0,12780.300704747408
1095,2500.0,4400.116024517712
8501,2500.0,8555.00917874592
7496,5500.0,8231.229843578465
7387,9400.0,11098.246479203119
3333,10600.0,7537.0404164631245
4721,10600.0,11625.93952946274
168,4300.0,6072.649717366249
9507,5400.0,6279.537256754829
9075,26700.0,26298.57387309654
1483,15100.0,12999.470660725683
4159,5900.0,8738.03120842596
2948,14500.0,10622.349016580065
7661,15300.0,10587.549691118915
8952,29500.0,21650.62500077361
2689,15300.0,13325.570068109671
4366,7700.0,8322.838758111546
3995,10900.0,9904.353085817369
3154,37600.0,22579.404129434664
8877,38000.0,24021.0260966339
718,18300.0,10427.57088266087
5851,14400.0,11511.876230067532
7049,11500.0,8487.798378210031
1298,12800.0,8856.173695787918
1794,3400.0,8498.747240401884
8351,10900.0,9983.575062310185
6419,14400.0,9932.728489218889
3597,6300.0,10106.208223815145
9450,7100.0,5742.256949410002
4772,9300.0,9317.285396806908
1287,10500.0,8860.996037633324
8127,7100.0,6712.672023205063
5736,6400.0,8858.1811462482
3142,4600.0,6789.337512838871
6076,15200.0,13753.333119958932
6664,8300.0,7704.118884418217
6685,15900.0,12209.777633231239
6847,10600.0,11535.308468175293
5308,14100.0,12239.775236408235
4613,3800.0,4403.92587436046
4813,5700.0,5836.299051805378
6182,10700.0,9317.64394367493
4048,3500.0,6151.902368318877
5497,4400.0,25618.741922557143
6025,7000.0,8483.898987550801
7169,15100.0,9683.846080024243
449,2500.0,7300.949585807441
7977,31800.0,28286.728200083668
809,20400.0,23117.139105426253
6871,18100.0,13433.436712724217
7120,16500.0,10557.720177220928
810,10000.0,8791.405976871994
3422,7300.0,6948.480687282573
6399,12500.0,10987.162870243115
8288,7100.0,7624.353842876602
9319,5700.0,7086.957292815519
1593,27700.0,27006.60585020157
5632,10300.0,10580.953828895575
6967,13600.0,9213.227538256784
8013,7400.0,7311.361324985392
8870,14800.0,13357.724147364495
2094,11000.0,9746.597440880658
682,10200.0,10596.177775256547
2303,9800.0,10760.796642962945
9257,2500.0,3456.291223547924
6210,5200.0,8755.084228112746
8243,29200.0,22785.67086324676
4929,2500.0,3655.160689035265
2718,8900.0,9328.266353724888
4827,12000.0,11497.872295556974
2855,26200.0,25013.776465455157
6788,26800.0,25943.30771598599
3859,11700.0,8955.155026060864
6081,6600.0,6839.230640013635
5164,12100.0,10912.263794644006
6390,21000.0,23745.18326706167
1416,10300.0,12292.323102397797
8248,4800.0,8040.753991638812
8237,11800.0,9408.7539051811
9331,9400.0,8429.310409616273
1877,12600.0,7843.006476000266
2836,5200.0,9770.543646717606
6888,10900.0,10768.575540486016
2227,7300.0,7993.231038666497
429,14900.0,11762.365300746385
4710,3500.0,7183.942474856606
1470,8800.0,9455.133608421012
385,9100.0,9646.733767309204
6133,5200.0,9576.060027725878
252,4600.0,7060.583618573095
2231,5200.0,8474.94562001022
8118,32300.0,24055.27699507413
3315,4800.0,9118.608681651767
3053,12000.0,11969.080195834886
9061,12000.0,12404.22634027628
4716,11200.0,9743.80664483591
6352,5600.0,5649.8640985181255
8295,4900.0,5974.646588160598
4354,6400.0,9170.265300144607
1055,9200.0,8911.2947695503
233,2800.0,10983.090538383327
8158,5500.0,6222.567997113237
7487,7700.0,10771.415690581995
8607,7900.0,10782.369998871529
6120,2600.0,5841.538346796287
9409,13100.0,9352.352758141726
3469,9500.0,9163.254508943653
811,12400.0,11512.590376273407
7951,11900.0,9586.41198001774
6463,12300.0,13512.925476559738
1862,14000.0,10412.54842306058
9269,9900.0,7947.827674619917
7156,6400.0,6931.9374235863825
7082,6000.0,6073.399717366249
6068,6900.0,6400.098203438165
7422,2500.0,4926.741963629134
4447,3700.0,8045.152720701942
111,13800.0,10268.30271696214
2310,4800.0,6728.0453395439845
2168,39900.0,25640.023785483812
5262,8200.0,10968.080851024033
2973,5200.0,7919.2337007604365
1452,8500.0,8077.739516172174
101,9700.0,12393.190046107256
319,8200.0,5504.109137785507
8386,5200.0,8330.234065328008
2233,12000.0,8452.662156874903
625,6300.0,8147.190355506687
5271,10100.0,12881.233647691986
6781,5400.0,5995.640205650986
2682,8200.0,9127.543903608283
2921,4800.0,6664.222332304231
1195,15300.0,11172.101841836296
5274,16500.0,13231.944526842039
2248,19500.0,23265.45098863576
7929,17000.0,24152.867808672294
6676,3800.0,7004.315485854551
334,29500.0,23608.996183157833
2627,5000.0,9786.093140533307
1880,2500.0,4999.788894225866
6718,10300.0,11132.585360306723
7540,12200.0,9051.590437716897
5843,7400.0,5341.01229906635
4645,9100.0,9681.35663543039
461,17200.0,12553.827661045652
6187,10200.0,8912.671568362834
1052,12300.0,10545.643462042364
696,6200.0,8135.129595853718
8,8100.0,6012.148137369365
99,8100.0,5932.120791279362
9313,10900.0,12160.571113724603
1456,12300.0,10312.50133358956
6916,10500.0,11412.078070873678
3245,5100.0,9206.362009609164
3128,12200.0,9537.457079229056
3960,24700.0,27008.872475630335
4554,33400.0,24734.51959074686
31,10100.0,7647.3780793954675
3078,11400.0,11118.159804987505
2588,22800.0,23161.14953396085
3826,14100.0,13335.147384534856
8851,10100.0,8579.643011741991
5942,6300.0,6541.837211748382
8083,9200.0,8138.057205857471
1414,7800.0,9738.15791359901
540,31700.0,21881.940461374536
5224,10400.0,10979.375808557204
3132,3500.0,6048.217000712614
4533,20100.0,25559.634831547268
3244,4400.0,7567.254852746321
3704,12400.0,8579.889412033433
2221,11300.0,9501.877618224009
7914,12200.0,6454.80171585042
8167,11500.0,9873.549787951906
4903,9400.0,9036.248287185184
4883,13100.0,11947.008661481095
9065,10300.0,9570.340579230175
3007,9500.0,9498.747759133852
5865,6100.0,7709.460667004769
2543,9000.0,9214.665215905115
1575,6200.0,8429.009587005783
7401,6100.0,10183.13279460689
7742,13100.0,11576.267206346625
2272,13300.0,12538.044142450897
5594,17700.0,24582.877700696885
4584,17500.0,14033.460028788599
9131,14300.0,11290.94201677499
5096,5900.0,6585.512575479266
6513,10400.0,5808.44474035306
5128,9200.0,11134.86656677079
4344,11700.0,12780.300704747408
601,8200.0,10463.58100383295
2517,12500.0,11384.893876777429
8487,9600.0,9229.924953389855
6972,21100.0,12844.858775405057
5234,29400.0,28516.538430593897
1044,11400.0,11106.29346059112
6261,9100.0,22785.91261494744
3033,10100.0,11443.492616686977
1864,6900.0,6294.997646136741
7834,13800.0,11937.287434961216
6322,8200.0,8947.801008841892
2770,12600.0,13357.724147364495
5581,8800.0,11440.514598902168
291,6200.0,8154.658839228039
5728,6900.0,10196.914039169498
3853,13500.0,9201.55625793288
4031,14300.0,11472.432291767129
6850,12000.0,6059.244669264019
6504,15600.0,13291.58138066841
6681,8800.0,7597.926748931619
618,8700.0,9535.77363152333
5597,9500.0,8270.659051748236
4922,14700.0,7157.036020492398
594,5400.0,8567.850732098144
8763,11700.0,11431.75492683676
8054,23800.0,20224.52062233649
5386,30500.0,24447.58894053235
7696,4200.0,7057.712889892933
4718,8700.0,9996.03295553927
2683,4900.0,10056.583920922802
3143,36700.0,26525.50075006408
2935,6100.0,9496.674156168332
3405,13000.0,11813.127609105977
7720,5200.0,8165.7149779575175
6004,8700.0,8498.747240401884
7637,8600.0,10109.500211380711
6282,19900.0,10382.668695881412
2413,8900.0,12878.986878060847
7642,8300.0,9136.99666885192
6392,9700.0,11945.443444089791
5129,8200.0,8212.460962572763
4766,7700.0,7018.237976498099
1561,5300.0,7960.544811871548
8065,11000.0,11100.49709245946
6101,2500.0,8053.817140939221
4414,2500.0,5922.86044436795
3529,10200.0,8027.070662634834
2152,9300.0,9377.877327067758
9402,7000.0,7465.744407941145
5841,6200.0,7695.585074017173
7899,4200.0,7251.421312304504
3151,10600.0,8487.245173475578
8294,2500.0,5744.617834159997
5623,13000.0,13675.188904232247
7969,2500.0,6705.536457539769
8254,12100.0,9882.828017763482
3021,7100.0,6712.672023205063
393,20800.0,25023.42869670658
5730,10000.0,9685.289151848829
5861,2500.0,3629.110910111764
1322,15800.0,12983.181808738476
7542,7400.0,7850.131786114761
4313,24300.0,26406.644781937368
8827,11000.0,10835.535517471644
8450,8000.0,6740.648520905592
3827,13000.0,13769.490928515548
7080,7200.0,11689.728807198027
7011,18500.0,12917.888218246482
6518,8500.0,7938.528344057491
5888,6800.0,7880.905344831303
8968,22600.0,25291.304928364334
5707,11600.0,13617.533086165786
1559,10400.0,11586.653984619532
8009,15900.0,11756.282879486122
4209,13700.0,21842.86443163789
3204,8200.0,6151.902368318877
5648,3300.0,9212.146406827344
6421,9400.0,7811.827847870887
4309,6600.0,9007.72789899487
4053,17900.0,13550.759551811461
4328,3600.0,5393.935169958565
2807,18000.0,12915.145722133762
7741,5900.0,6432.145423441754
1354,6700.0,8208.509874287254
8578,12200.0,8077.717273136961
3662,5900.0,8742.158090146391
3325,22000.0,21027.912087713186
6146,2500.0,8326.62743392103
4949,8200.0,6802.797832025639
748,10300.0,12831.207681768683
4345,9100.0,8225.185344791042
1941,12700.0,9512.360027725877
4614,11200.0,9991.685800137737
7320,14300.0,11479.792491597707
576,12000.0,10851.488337984465
8985,12100.0,10061.226274844867
3653,30000.0,25263.06321759191
3910,11300.0,10414.613785235686
1126,8900.0,7821.268617602721
7071,9600.0,8699.898147986205
6253,17200.0,13733.302346706958
7054,9100.0,8507.180863984853
7068,7700.0,6020.28126142798
5396,6700.0,10056.698467754304
9333,8800.0,10882.584918799845
2098,20700.0,26267.82913939141
8565,12400.0,10721.86643243639
4562,4800.0,6152.670484260906
7128,4500.0,4905.283748450316
6301,14100.0,10065.602604100595
1349,7200.0,5954.274701927065
6641,2500.0,7126.241925380701
6594,12700.0,9438.492300696005
8727,22900.0,25703.925683861333
7880,12700.0,11204.290176528782
9178,18700.0,13435.267669729075
664,39000.0,26991.307009607473
8235,13400.0,11403.706337399737
1963,2500.0,3997.3987726770906
841,9900.0,6706.281897882899
2859,9300.0,9764.189545039466
7073,7600.0,8648.261068026593
1851,13100.0,12406.41856388396
2029,3300.0,6185.690180517625
4373,8300.0,10925.80447169806
833,13100.0,10811.517073319228
2970,12700.0,9978.430405477533
2150,11000.0,9897.07083660912
872,9400.0,13494.628467697485
4921,2500.0,6840.343119504874
7615,11400.0,11334.84435849881
7826,10900.0,9651.88269627517
6360,22400.0,26006.781267032395
6657,9400.0,8683.857311576308
6199,2500.0,6754.79786479651
5640,26300.0,26224.89607694118
4509,12600.0,11925.09197242125
6060,11900.0,12767.030704044239
6129,2500.0,3480.2592828787733
5436,24600.0,23692.097041267007
4872,5700.0,11654.55281030603
1807,8300.0,11526.39785204438
510,4400.0,6231.721335920024
2302,4700.0,5693.4031767030365
5464,6000.0,5652.379250033277
9486,28100.0,23080.403646514962
5654,9000.0,9564.93553320462
1888,6000.0,5628.279568769764
2132,5600.0,4827.731512159315
7207,8300.0,10415.581854003694
4280,13000.0,8516.109042741695
7363,9900.0,9828.605173680076
411,16400.0,8804.765479619911
613,8700.0,7568.7082267491405
8568,2500.0,4408.900053264399
4275,6800.0,7967.490823148807
6216,3900.0,5543.86232981042
1430,4400.0,3991.689946519614
9330,6200.0,8723.150902596359
6725,41700.0,26055.10268602584
5217,7000.0,9733.015010524481
7258,9900.0,11042.158934471247
4284,5800.0,6240.943098212229
7971,2500.0,4602.890417896116
1615,4200.0,3556.2694276214997
3784,13400.0,10848.197304957524
1417,20100.0,27967.23191084093
3381,12400.0,8946.947206411229
4801,9800.0,9505.662198049185
5427,8300.0,8332.669288024541
604,12900.0,11813.127609105977
4740,5700.0,7460.6914127759865
5552,9500.0,10529.6250539668
30,13800.0,11817.227323930563
4336,6900.0,3884.693535890993
9142,15300.0,7875.84781350234
263,27000.0,25703.925683861333
8767,9500.0,8162.5997665148325
247,7200.0,12244.077079752318
3688,4400.0,9775.764138983086
852,8400.0,10541.788877595576
5998,13300.0,12270.730816107254
4791,24200.0,26230.338011936197
199,6900.0,6582.927867306378
532,4400.0,7240.114492653737
485,4900.0,6749.9624837096435
4715,6100.0,7060.583618573095
1222,14500.0,14422.872149672543
5471,10300.0,9688.314918225178
2707,7200.0,9515.31998472107
5711,9800.0,11856.997286689577
455,11400.0,9051.590437716897
8398,8800.0,10716.088193771306
1197,9300.0,10181.07321217716
9350,5900.0,6647.642401027554
1721,6400.0,9654.474694356979
8734,8600.0,7099.492035165124
5637,7300.0,11182.580612947962
2620,9100.0,10740.791433591296
2816,9400.0,5668.102013907383
9242,4100.0,10387.58351219599
6363,10300.0,9474.367878049236
2245,8900.0,13613.12800121618
8545,26300.0,24512.84143601059
7202,13600.0,23161.14953396085
4756,11300.0,9176.77241283225
862,2900.0,6812.668959482681
46,9700.0,11398.741199336191
947,8700.0,7981.618848854052
6591,6000.0,6754.4001630132525
9089,9100.0,10545.643462042364
7352,11600.0,9541.066949229642
7798,32500.0,26876.882124107695
3948,11800.0,9118.608681651767
1803,14700.0,12436.960412788734
5307,32900.0,24307.417158919423
6912,10700.0,8864.955300088573
6080,17700.0,12014.393712379082
6516,4800.0,6141.643720750789
8688,17700.0,12915.145722133762
6935,13500.0,13565.883735516434
1253,13700.0,8915.190040778189
1369,7200.0,7095.173671421029
7608,18300.0,13416.21671784787
3024,2500.0,4544.330976663423
217,28400.0,31100.589532545186
1005,7000.0,6388.160996300961
9228,12100.0,11955.287638040942
1783,3100.0,5469.776906365325
4974,8600.0,9744.752542373813
2254,8800.0,8465.164189803063
5156,10200.0,8808.103517111647
5371,28400.0,26056.972839517384
9443,10900.0,6915.064929342855
6495,2700.0,8260.884181127616
8168,8100.0,10569.986472892673
7508,10600.0,10112.448412175412
675,13600.0,11191.873030880732
2111,28900.0,22772.77479453407
2249,7900.0,7705.639713335894
7493,18900.0,26261.789849074125
1438,20000.0,22829.58533522408
6468,3600.0,6102.837364652966
229,9100.0,8498.747240401884
7931,5300.0,6263.110934616877
2149,15600.0,13374.410503442883
6562,6400.0,12064.513293336373
8342,7200.0,8968.25029746872
1957,10500.0,12496.995048467934
2083,8500.0,9214.665215905115
7403,13600.0,10751.562402566713
2769,3900.0,4312.682938398721
7739,7900.0,6889.452541122603
209,12300.0,10638.361388956706
7336,10900.0,7065.248405230814
2982,25300.0,25504.604676579987
3777,10000.0,7739.283398352171
8465,9300.0,12147.061571086904
3717,14000.0,9810.362725346677
6398,27700.0,26197.949123047307
4170,8800.0,6742.408411015482
4295,7700.0,4887.709587469416
8579,7600.0,8915.59485240687
4848,12700.0,9709.292764165062
1314,12100.0,10157.599873067607
4469,11600.0,11121.356788878149
2362,8600.0,5776.02656900338
1728,10800.0,7168.991094894702
5321,10500.0,11154.06491080021
337,10600.0,8761.592007173133
4477,8300.0,8517.168161095611
3107,26100.0,28316.254397162567
7349,28300.0,22785.91261494744
3085,32100.0,27676.34024847276
3035,8000.0,5605.366075947827
6521,32200.0,24172.147322301582
8316,26800.0,24583.043293069633
1918,12500.0,11132.792180176524
8944,14200.0,11476.617150346456
5402,11200.0,9025.339739489233
6837,5300.0,11496.310996704775
1226,11300.0,12660.890840196158
2673,10500.0,8683.402298235647
96,5700.0,9175.651197415915
4618,10400.0,9396.38915250132
6043,12200.0,13880.719756477023
6086,12100.0,12340.459093092946
3544,11200.0,11108.621143364195
7774,18900.0,13630.186348741872
7604,19500.0,26753.93445119237
3065,7300.0,10301.642221251646
3309,5800.0,4430.263527925937
8764,13400.0,8958.362555162963
3441,2500.0,8284.64049920888
1017,4800.0,7356.871816943495
5835,35100.0,24584.777377648064
2884,10100.0,12030.835238471345
4504,8800.0,11002.988435941674
1599,7000.0,8533.645173475577
3320,10500.0,8748.947108997352
350,10200.0,11808.997948117834
8791,5800.0,4717.176233640415
9478,19000.0,22371.187458343353
5357,9900.0,10740.66856149137
7915,17800.0,13383.143429310765
1922,2500.0,5628.279568769764
6207,6800.0,7460.6914127759865
7818,7400.0,9753.04498745702
8701,5300.0,6847.980785008507
2922,2900.0,4590.78243018947
1210,2500.0,5713.401224404095
564,8700.0,7536.5316876263905
5265,13400.0,9867.291045740863
5283,9200.0,5041.167971579745
9055,8900.0,8306.234971192082
8807,14400.0,10529.6250539668
3949,5900.0,8460.582242679735
5857,13200.0,11917.486281434707
9231,12600.0,10773.844791748148
2592,6900.0,8498.747240401884
6211,17900.0,13651.646496403546
5817,10100.0,12702.565742478142
8993,7200.0,10965.687044504306
742,3900.0,13235.104879591752
180,11600.0,10659.155675159478
1115,7200.0,5535.846184135902
4375,10500.0,11306.07607717458
9126,13200.0,12272.970256869341
2108,2500.0,5740.464473532662
2861,4900.0,9322.312997915524
3815,7700.0,4576.646483143187
349,26000.0,24104.65352295801
513,6900.0,9687.596741645317
1691,9900.0,6322.841744964061
5049,7500.0,11984.385240080144
7829,2500.0,5919.65818070536
6112,11000.0,9812.196254606324
7635,11200.0,11112.124139215504
9194,9300.0,8060.998055645592
4162,5100.0,4738.748478393287
7216,8600.0,12676.98813399679
81,4700.0,7053.402826234145
1323,6300.0,9499.329633055977
8602,12300.0,11402.915253589023
4845,24700.0,26192.407009865554
3238,15200.0,10848.197304957524
1614,6300.0,9138.700108349225
4039,14600.0,9925.611613980145
831,6500.0,4957.423504029063
7133,29000.0,27867.806168887546
3834,10100.0,11260.702830325012
1501,7900.0,10776.76566894113
4630,5300.0,7356.871816943495
2876,6100.0,8803.504312221481
5466,10700.0,11820.300276873833
4567,13500.0,11132.792180176524
8856,10400.0,9847.15944313
3332,12500.0,9204.743145171487
132,2500.0,6113.7116471235
4269,27500.0,27660.091045148332
1649,18000.0,12435.311763999467
8451,3700.0,6437.913328365901
3297,5400.0,6283.034101883339
8772,3600.0,4460.20886283077
2210,8900.0,7709.543682444445
4981,9100.0,10994.937881572661
7596,9900.0,5946.610372303337
5336,10000.0,9414.576570259038
7645,10100.0,6821.616596901951
6422,2500.0,5269.304994820983
